,OFFICE SUPPLY,,,,,,,,,,,,,
,GSO,,,,,,,,,,,,, 
,DESCRIPTION,EXPIRY,UNIT,QTY,,,,,,,,,,
,OFFICE SUPPLIES,,,,,,,,,,,,,
,ADDING MACHINE TAPE,,ROLLS,,,,,,,,,,,
,BALLPEN black,,PCS,,,,,,,,,,,
,BALLPEN blue,,PCS,,,,,,,,,,,
,BALLPEN red,,PCS,,,,,,,,,,,
,BATTERY “AA”,,PCS,,,,,,,,,,,
,BATTERY “AAA”,,PCS,,,,,,,,,,,
,BATTERY size C,,PCS,,,,,,,,,,,
,BINDER CLIP 1 3/4,,PCS,,,,,,,,,,,
,BINDER CLIP 1 5/8,,PCS,,,,,,,,,,,
,BOND PAPER A4,,REAMS,,,,,,,,,,,
,BOND PAPER long,,REAMS,,,,,,,,,,,
,BOND PAPER short,,REAMS,,,,,,,,,,,
,BOND PAPER S16 long,,REAMS,,,,,,,,,,,
,BOND PAPER S16short,,REAMS,,,,,,,,,,,
,BROWN ENVELOPE long,,PCS,,,,,,,,,,,
,BROWN ENVELOPE short,,PCS,,,,,,,,,,,
,CALCULATOR,,PCS,,,,,,,,,,,
,CARBON PAPER,,PCS,,,,,,,,,,,
,CARTOLINA PINK,,PCS,,,,,,,,,,,
,CARTOLINA YELLOW,,PCS,,,,,,,,,,,
,CARTOLINA BLUE,,PCS,,,,,,,,,,,
,CARTOLINA WHITE,,PCS,,,,,,,,,,,
,CARTOLINA ORANGE,,PCS,,,,,,,,,,,
,CARTOLINA NEON GREEN,,PCS,,,,,,,,,,,
,CARTOLINA RED,,PCS,,,,,,,,,,,
,COLUMNAR BOOK 18,,PCS,,,,,,,,,,,
,COLUMNAR BOOK 22,,PCS,,,,,,,,,,,
,COLUMNAR BOOK 24,,PCS,,,,,,,,,,,
,COLUMNAR BOOK 3,,PCS,,,,,,,,,,,
,COMPUTER KEYBORD,,PCS,,,,,,,,,,,
,COMPUTER MOUSE,,PCS,,,,,,,,,,,
,CORRECTION  FLUID,,PCS,,,,,,,,,,,
,CORRECTION TAPE,,PCS,,,,,,,,,,,
,DOUBLE SIDED tape 1”,,PCS,,,,,,,,,,,
,ELMER'S GLUE,,PCS,,,,,,,,,,,
,EXPANDED ENVELOPE,,PCS,,,,,,,,,,,
,EXPANDED FOLDER ,,PCS,,,,,,,,,,,
,FASTENER ,,BOXES,,,,,,,,,,,
,FOLDER FILE ORGANIZER,,PCS,,,,,,,,,,,
,FOLDER WHITE long,,PCS,,,,,,,,,,,
,FOLDER WHITE short,,PCS,,,,,,,,,,,
,INDEX CARD 1/8,,PACKS,,,,,,,,,,,
,INDEX CARD 1/2,,PACKS,,,,,,,,,,,
,MAIL ENVELOPE long,,PCS,,,,,,,,,,,
,MANILA PAPER,,PCS,,,,,,,,,,,
,PACKING TAPE 2” brown,,PCS,,,,,,,,,,,
,PACKING TAPE 2” clear,,PCS,,,,,,,,,,,
,PARCHMENT PAPER,,PCS,,,,,,,,,,,
,PAPER CLIP large,,BOXES,,,,,,,,,,,
,PAPER CLIP small,,BOXES,,,,,,,,,,,
,PAPER CUTTER BOARD big,,PCS,,,,,,,,,,,
,PAPER TAPE 1”,,PCS,,,,,,,,,,,
,PENCIL ERASER small,,PCS,,,,,,,,,,,
,PENCIL NO.2,,PCS,,,,,,,,,,,
,PENCIL SHARPENER,,PCS,,,,,,,,,,,
,PENTEL PEN Broad black,,PCS,,,,,,,,,,,
,PENTEL PEN Fine black ,,PCS,,,,,,,,,,,
,PENTEL PEN Fine red,,PCS,,,,,,,,,,,
,PERMANENT FABRIC PEN,,PCS,,,,,,,,,,,
,PHILIPPINE FLAG,,PCS,,,,,,,,,,,
,PHOTO PAPER A4,,PACKS,,,,,,,,,,,
,PILOT INK REFILL black,,PCS,,,,,,,,,,,
,PILOT INK REFILL blue,,PCS,,,,,,,,,,,
,PLASTIC ENVELOPE long,,PCS,,,,,,,,,,,
,PLASTIC ENVELOPE short,,PCS,,,,,,,,,,,
,PLASTIC FOLDER LONG,,PCS,,,,,,,,,,,
,PUNCHER big,,PCS,,,,,,,,,,,
,PUSH PIN,,PCS,,,,,,,,,,,
,RECORD BOOK 300pgs,,PCS,,,,,,,,,,,
,RECORD BOOK 500pgs,,PCS,,,,,,,,,,,
,RIBBON typewriter,,PCS,,,,,,,,,,,
,RUBBER BAND small,,BOXES,,,,,,,,,,,
,RUBBER BAND large HD,,BOXES,,,,,,,,,,,
,SCISSORS stainless big,,PCS,,,,,,,,,,,
,SCOTCH TAPE 1” clear,,PCS,,,,,,,,,,,
,SIGN PEN MY GEL,,PCS,,,,,,,,,,,
,STABILO YG,,PCS,,,,,,,,,,,
,STABILO PINK,,PCS,,,,,,,,,,,
,STABILO ORANGE,,PCS,,,,,,,,,,,
,STABILO BLUE,,PCS,,,,,,,,,,,
,STAMP PAD,,PCS,,,,,,,,,,,
,STAMP PAD INK,,PCS,,,,,,,,,,,
,STAPLE REMOVER,,pcs,,,,,,,,,,,
,STAPLE WIRE #35,,BOXES,,,,,,,,,,,
,STAPLER ,,PCS,,,,,,,,,,,
,STICKY NOTE,,PCS,,,,,,,,,,,
,WALL CLOCK,,PCS,,,,,,,,,,,
,White Board Eraser,,PCS,,,,,,,,,,,
,WHITEBOARD MARKER,,PCS,,,,,,,,,,,
,GSO MEDICAL SUPPLIES,,,,,,,,,,,,,
,DESCRIPTION,EXPIRY DATE,UNIT,,,,,,,,,,,
,ACTIVATED CHARCOAL,,PCS,,,,,,,,,,,
,ALCOHOL 70%,,GAL,,,,,,,,,,,
,AMBU BAG ADULT, 7/2027,PCS,,,,,,,,,,,
,AMBU BAG PEDIA, 8/2026,PCS,,,,,,,,,,,
,AMBU BAG NEONATE,,PCS,,,,,,,,,,,
,"ANESTHESIA BREATHING CIRCUIT,ADULT",,PCS,,,,,,,,,,,
,ARM SLING MEDIUM,,PCS,,,,,,,,,,,
,ARM SLING PEDIA,,PCS,,,,,,,,,,,
,ASEPTO SYRINGE,,PCS,,,,,,,,,,,
,AUTOCLAVE INDICATOR,,PCS,,,,,,,,,,,
,BLOOD BAG 450 ML,,PCS,,,,,,,,,,,
,BONE WAX,,PCS,,,,,,,,,,,
,BP APP ADULT,,PCS,,,,,,,,,,,
,BP APP PEDIA,,PCS,,,,,,,,,,,
,BP APP CUFF ADULT,,PCS,,,,,,,,,,,
,BP APP CUFF PEDIA,,PCS,,,,,,,,,,,
,BP APP DIGITAL WRIST,,PCS,,,,,,,,,,,
,BT SET,,PCS,,,,,,,,,,,
,CADAVER BAG pedia,,PCS,,,,,,,,,,,
,CADAVER BAG adult,,PCS,,,,,,,,,,,
,CAPILLARY TUBEs 100s,,TUBES,,,,,,,,,,,
,CARDIAC BOARD,,PCS,,,,,,,,,,,
,CAUTERY PAD,,PCS,,,,,,,,,,,
,CAUTERY PENCILS,,PCS,,,,,,,,,,,
,CIDEX,,BOTS,,,,,,,,,,,
,CORD CLAMP, 11/19/26,PCS,,,,,,,,,,,
,COTTON 400G,,ROLLS,,,,,,,,,,,
,DISPOSABLE SYRINGE 20cc 25s,,PCS,,,,,,,,,,,
,DISPOSABLE SYRINGE  50cc 25s,,PCS,,,,,,,,,,,
,ECG PAPER 50mm,,ROLL,,,,,,,,,,,
,ECG PAPER 80mm,,ROLL,,,,,,,,,,,
,ELECTRODES ADULT,,PCS,,,,,,,,,,,
,ELECTRODES PEDIA,,PCS,,,,,,,,,,,
,EPIDURAL CATHETER needle G18 ,,PCS,,,,,,,,,,,
,EXTENSION TUBE,,PCS,,,,,,,,,,,
,FACE MASK,,BOXES,,,,,,,,,,,
,FEMORAL CATH. F12  25mm,,PCS,,,,,,,,,,,
,GAUZE PAD 4X4 sterile,,BOXES,,,,,,,,,,,
,GIGLI SAW HD,,PC,,,,,,,,,,,
,GOWN GREEN,,PCS,,,,,,,,,,,
,HAND SPLINT PINK/YELLOW,,PCS,,,,,,,,,,,
,HAND SPLINT PEDIA MEDIUM,,PCS,,,,,,,,,,,
,HAND SPLINT NEWBORN,,PCS,,,,,,,,,,,
,HEAD COVER,,PCS,,,,,,,,,,,
,HEPLOCK, 9/14/2029,PCS,,,,,,,,,,,
,HIGH FLOW CANNULA ADULT,,PCS,,,,,,,,,,,
,HYDROGEN PEROXIDE, 4/2027,GAL,,,,,,,,,,,
,INCONTINENT PAD,,PCS,,,,,,,,,,,
,INSULIN SYRINGE 1/2, 11/2029,PCS,,,,,,,,,,,
,INTUBATING STYLET F6,,PCS,,,,,,,,,,,
,INTUBATING STYLET F10,,PCS,,,,,,,,,,,
,INTUBATING STYLET F14 ,,PCS,,,,,,,,,,,
,INTRAJUGULAR CATH. F.12 16mm,,PCS,,,,,,,,,,,
,KN95,,BOXES,,,,,,,,,,,
,KELLY PAD,,PCS,,,,,,,,,,,
,JACKSON PRATT,,PCS,,,,,,,,,,,
,LEUKOPLAST 1”,,PCS,,,,,,,,,,,
,"LAPARATOMY SPONGE 8""X12""""",,PCS,,,,,,,,,,,
,"LAPARATOMY SPONGE 12""X12""""",,PCS,,,,,,,,,,,
,LUBRICATING GEL, SEPT. 2027,SACHET,,,,,,,,,,,
,LUBRICATING GEL," AUG. 5, 2027",TUBE,,,,,,,,,,,
,MACROSET,,PCS,,,,,,,,,,,
,MICROPORE 1” 12s,,PCS,,,,,,,,,,,
,MICROSET,,PCS,,,,,,,,,,,
,MEDISCRUB ,,PCS,,,,,,,,,,,
,PERFUSION TUBING,,PCS,,,,,,,,,,,
,PLASTIC OF PARIS  4X5,,PCS,,,,,,,,,,,
,PLASTIC OF PARIS  6X5,,PCS,,,,,,,,,,,
,POV. IODINE 10%,,GALS,,,,,,,,,,,
,POV. IODINE 7.5%,,GALS,,,,,,,,,,,
,PPE COVER ALL,,PCS,,,,,,,,,,,
,PULSE OXIMETER PEDIA,,PCS,,,,,,,,,,,
,ROLLED GAUZE 28X24,,ROLLS,,,,,,,,,,,
,SHILEY ( TRACHEOSTOMY TUBE ) Fr8,,BOXES,,,,,,,,,,,
,SKIN STAPLER,,PCS,,,,,,,,,,,
,SOLUSET,,PCS,,,,,,,,,,,
,SPINAL NEEDLE G23,,PCS,,,,,,,,,,,
,SPINAL NEEDLE G25,,PCS,,,,,,,,,,,
,SPONGOSTAN,,PCS,,,,,,,,,,,
,STERILIZATION ROLL 200mmX70mm,,ROLL,,,,,,,,,,,
,STERILIZATION ROLL 100cmX70mm,,ROLL,,,,,,,,,,,
,STERILIZATION WRAP 120cmX120cm,,PCS,,,,,,,,,,,
,THERMAL SCANNER,,PCS,,,,,,,,,,,
,THORACIC CATHETER FR28,,PCS,,,,,,,,,,,
,THORACIC CATHETER FR32,,PCS,,,,,,,,,,,
,THORACIC BOTTLE,,BOT,,,,,,,,,,,
,TOUNGUE DEPRESSOR,,PCS,,,,,,,,,,,
,TOURNIQUET,,PCS,,,,,,,,,,,
,THREE WAY-PACK,,PCS,,,,,,,,,,,
,ULTRASOUND GEL, MARCH 2027,GAL,,,,,,,,,,,
,ULTRASOUND PROBE COVER,,BOXES,,,,,,,,,,,
,ULTRASOUND THERMAL PAPER,,ROLLS,,,,,,,,,,,
,URINE BAG,,PCS,,,,,,,,,,,
,URINE COLLECTOR Pedia,2028,PCS,,,,,,,,,,,
,UVC GERMICIDAL LIGHT,,UNIT,,,,,,,,,,,
,VENTILATOR TUBING ADULT,,PCS,,,,,,,,,,,
,VENTILATOR TUBING PEDIA,,PCS,,,,,,,,,,,
,WATER CHAMBER,,PCS,,,,,,,,,,,
,X-RAY FILM ( 11X14 ),,BOXES,,,,,,,,,,,
,X-RAY FILM ( 14X17 ),,BOXES,,,,,,,,,,,
,,,Page 4,,,,4,,,,,,,
,DESCRIPTION,,UNIT,,,,,,,,,,,
,ENDOTRACHEAL TUBE 2.0,,PCS,,,,,,,,,,,
,ENDOTRACHEAL TUBE 2.5,,PCS,,,,,,,,,,,
,ENDOTRACHEAL TUBE 3.0,,PCS,,,,,,,,,,,
,ENDOTRACHEAL TUBE 3.5,,PCS,,,,,,,,,,,
,ENDOTRACHEAL TUBE 4.0,,PCS,,,,,,,,,,,
,ENDOTRACHEAL TUBE 4.5,,PCS,,,,,,,,,,,
,ENDOTRACHEAL TUBE 5.0,,PCS,,,,,,,,,,,
,ENDOTRACHEAL TUBE 5.5,,PCS,,,,,,,,,,,
,ENDOTRACHEAL TUBE 6.0,,PCS,,,,,,,,,,,
,ENDOTRACHEAL TUBE 6.5,,PCS,,,,,,,,,,,
,ENDOTRACHEAL TUBE 7.0,,PCS,,,,,,,,,,,
,ENDOTRACHEAL TUBE 7.5,,PCS,,,,,,,,,,,
,ENDOTRACHEAL TUBE 8.0,,PCS,,,,,,,,,,,
,FB CATHETER F8,,PCS,,,,,,,,,,,
,FB CATHETER F10,,PCS,,,,,,,,,,,
,FB CATHETER F12, 11/2026,PCS,,,,,,,,,,,
,FB CATHETER F14, 11/2028,PCS,,,,,,,,,,,
,FB CATHETER F16, 10/2029,PCS,,,,,,,,,,,
,FB CATHETER F18, 11/2028,PCS,,,,,,,,,,,
,FB CATHETER F20,,PCS,,,,,,,,,,,
,FB CATHETER F22,,PCS,,,,,,,,,,,
,FEEDING TUBE F5,,PCS,,,,,,,,,,,
,FEEDING TUBE F8,,PCS,,,,,,,,,,,
,T DRAINAGE TUBE FR.14 LATEX,,PCS,,,,,,,,,,,
,T DRAINAGE TUBE FR.16 LATEX,,PCS,,,,,,,,,,,
,T DRAINAGE TUBE FR.18 LATEX,,PCS,,,,,,,,,,,
,FLAT REEL 250mm x 200m,,ROLL,,,,,,,,,,,
,FLAT REEL 300mm x 200m,,ROLL,,,,,,,,,,,
,FLAT REEL 50mm x 200m,,ROLL,,,,,,,,,,,
,FLAT REEL 75mm x 200m,,ROLL,,,,,,,,,,,
,GUSSETED REEL 100mm X 100m,,ROLL,,,,,,,,,,,
,GUSSETED REEL 150mm X 100m,,ROLL,,,,,,,,,,,
,GUSSETED REEL 200mm X 100m,,ROLL,,,,,,,,,,,
,GUSSETED REEL 300mm X 200m,,ROLL,,,,,,,,,,,
,GUSSETED REEL 400mm X 100m,,ROLL,,,,,,,,,,,
,ID BRACELET (blue) baby 100s,,BOXES,,,,,,,,,,,
,ID BRACELET (blue) adult 100s,,BOXES,,,,,,,,,,,
,ID BRACELET (pink) baby 100s,,BOX,,,,,,,,,,,
,ID BRACELET (pink) adult 100s,,BOXES,,,,,,,,,,,
,ID BRACELET (WHITE) adult 100s,,BOXES,,,,,,,,,,,
,IV CANNULA G16 (B. BRAUN), 7/2027,PCS,,,,to be checked ,,,,,,,
,IV CANNULA G18 (B. BRAUN), 8/2027,PCS,,,,to be checked ,,,,,,,
,IV CANNULA G20 (B. BRAUN),,PCS,,,,to be checked ,,,,,,,
,IV CANNULA G22 (B. BRAUN),,PCS,,,,to be checked ,,,,,,,
,IV CANNULA G24 (B. BRAUN),,PCS,,,,to be checked ,,,,,,,
,IV CANNULA G26 (B. BRAUN) ,,PCS,,,,to be checked ,,,,,,,
,Guedel Oral Airway 60mm, 7/2027,PCS,,,,to be checked ,,,,,,,
,Guedel Oral Airway 70mm, 7/2027,PCS,,,,to be checked ,,,,,,,
,Guedel Oral Airway 80mm GREEN,,PCS,,,,to be checked ,,,,,,,
,NEBULIZING Kit Adult,,PCS,,,,to be checked ,,,,,,,
,,,Page 5,,,,5,,,,,,,
,DESCRIPTION,,UNIT,,,,,,,,,,,
,NEBULIZING Kit w/ Mask Adult,,PCS,,,,,,,,,,,
,NEBULIZING Kit w/ Mask Pedia,,PCS,,,,,,,,,,,
,NGT F5,,PCS,,,,,,,,,,,
,NGT F8,,PCS,,,,,,,,,,,
,NGT F10,,PCS,,,,,,,,,,,
,NGT F12,,PCS,,,,,,,,,,,
,NGT F14,,PCS,,,,to be checked,,,,,,,
,NGT F16,,PCS,,,,to be checked,,,,,,,
,NGT F18,,PCS,,,,,,,,,,,
,OXYGEN CANNULA (ADULT),,PCS,,,,,,,,,,,
,OXYGEN CANNULA (PEDIA),,PCS,,,,,,,,,,,
,OXYGEN CANNULA (NEONATE),,PCS,,,,,,,,,,,
,OXYGEN GAUGE REGULATOR,,PCS,,,,,,,,,,,
,OXYGEN MASK PEDIA,,PCS,,,,to be checked,,,,,,,
,OXYGEN MASK NEONATE,,PCS,,,,to be checked,,,,,,,
,PARAFILM,,ROLLS,,,,,,,,,,,
,PENROSE DRAIN ¼,,PCS,,,,,,,,,,,
,PENROSE DRAIN ½,,PCS,,,,,,,,,,,
,PULSE OXIMETER ,,PCS,,,,,,,,,,,
,PENROSE DRAIN 1,,PCS,,,,,,,,,,,
,SPHYGMOMANOMETER MOBILE,,PCS,,,,,,,,,,,
,STETHOSCOPE ADULT,,PCS,,,,,,,,,,,
,STETHOSCOPE PEDIA,,PCS,,,,,,,,,,,
,SUCTION CATHETER F5,,PCS,,,,,,,,,,,
,SUCTION CATHETER F8,,PCS,,,,,,,,,,,
,SUCTION CATHETER F10,,PCS,,,,,,,,,,,
,SUCTION CATHETER F12,,PCS,,,,,,,,,,,
,SUCTION CATHETER F14,,PCS,,,,,,,,,,,
,SUCTION CATHETER F16,,PCS,,,,,,,,,,,
,SUCTION CATHETER F18,,PCS,,,,,,,,,,,
,SUCTION SET,,PCS,,,,,,,,,,,
,THORACIC CATHETER F28,,PCS,,,,,,,,,,,
,THORACIC CATHETER F32,,PCS,,,,,,,,,,,
,THORACIC BOTTLE,,PCS,,,,,,,,,,,
,SURGICAL BLADE #11 100s,,BOXES,,,,,,,,,,,
,SURGICAL BLADE #15 100s,,BOXES,,,,,,,,,,,
,SURGICAL BLADE #20 100s,,BOXES,,,,,,,,,,,
,SURGICAL SKIN MARKER STERILE,,PCS,,,,,,,,,,,
,GLOVES STERILE 6.5,,BOXES,,,,,,,,,,,
,GLOVES STERILE 7.0,,BOXES,,,,,,,,,,,
,GLOVES STERILE 7.5,,BOXES,,,,,,,,,,,
,GLOVES CLEAN SMALL,,BOXES,,,,,,,,,,,
,GLOVES CLEAN MEDIUM,,BOXES,,,,,,,,,,,
,GLOVES CLEAN LARGE,,BOXES,,,,,,,,,,,
,SYRINGE 1cc 100s,,BOXES,,,,,,,,,,,
,SYRINGE 3cc 100s,,BOXES,,,,,,,,,,,
,SYRINGE 5cc 100s,,BOXES,,,,,,,,,,,
,SYRINGE 10cc 100s,,BOXES,,,,,,,,,,,
,INSULIN SYRINGE,,BOXES,,,,,,,,,,,
,JACKSON-PRATT DRAIN 100ml,,PCS,,,,,,,,,,,
,,,Page 6,,,,6,,,,,,,
,DESCRIPTION,,UNIT,,,,,,,,,,,
,CHROMIC 0 round,,PCS,,,,,,,,,,,
,CHROMIC 1/0 round,,PCS,,,,,,,,,,,
,CHROMIC 2/0 cutting,,PCS,,,,,,,,,,,
,CHROMIC 2/0 round,,PCS,,,,,,,,,,,
,CHROMIC 3/0 round,,PCS,,,,,,,,,,,
,CHROMIC 4-0 round,,PCS,,,,,,,,,,,
,NYLON (Ethilon ) 3/0 cutting,,PCS,,,,,,,,,,,
,NYLON (Ethilon ) 4/0 cutting,,PCS,,,,,,,,,,,
,NYLON (Ethilon ) 5/0 cutting,,PCS,,,,,,,,,,,
,MONOCRYL 4-0 cutting,,PCS,,,,,,,,,,,
,MONOCRYL 5/0 round,,PCS,,,,,,,,,,,
,PDS 0 round ( without loop ),,PCS,,,,,,,,,,,
,PDS 0 looped on,,PCS,,,,,,,,,,,
,PROLENE 0 round,,PCS,,,,,,,,,,,
,PROLENE 1/0 round,,PCS,,,,,,,,,,,
,PROLENE 2/0 round,,PCS,,,,,,,,,,,
,PROLENE 2/0 cutting,,PCS,,,,,,,,,,,
,PROLENE 3/0 cutting,,PCS,,,,,,,,,,,
,PROLENE 3/0 round,,PCS,,,,,,,,,,,
,PROLENE 4/0 cutting,,PCS,,,,,,,,,,,
,PROLENE 4/0 round,,PCS,,,,,,,,,,,
,PROLENE 5/0 round,,PCS,,,,,,,,,,,
,PROLENE 6/0 round ( double needle ),,PCS,,,,,,,,,,,
,SILK  0 round,,PCS,,,,,,,,,,,
,SILK 1/0 round,,PCS,,,,,,,,,,,
,SILK 2/0 cutting,,PCS,,,,,,,,,,,
,SILK 2/0 round,,PCS,,,,,,,,,,,
,SILK 3/0 cutting,,PCS,,,,,,,,,,,
,SILK 3/0 round,,PCS,,,,,,,,,,,
,SILK 4/0 cutting,,PCS,,,,,,,,,,,
,SILK 4/0 round,,PCS,,,,,,,,,,,
,SILK     0 free tie,,PCS,,,,,,,,,,,
,SILK 2/0 free tie,,PCS,,,,,,,,,,,
,SILK 3/0 free tie,,PCS,,,,,,,,,,,
,SILK 4/0 free tie,,PCS,,,,,,,,,,,
,VICRYL  0 round ,,PCS,,,,,,,,,,,
,VICRYL 1/0 round ,,PCS,,,,,,,,,,,
,VICRYL 2/0 cutting ( reverse ) ,,PCS,,,,,,,,,,,
,VICRYL 2/0 round,,PCS,,,,,,,,,,,
,VICRYL 2/0 rapide ( tapercut ),,PCS,,,,,,,,,,,
,VICRYL 3/0 cutting,,PCS,,,,,,,,,,,
,VICRYL 3/0 round,,PCS,,,,,,,,,,,
,VICRYL 4/0 cutting,,PCS,,,,,,,,,,,
,VICRYL 4/0 round,,PCS,,,,,,,,,,,
,VICRYL 5/0 cutting,,PCS,,,,,,,,,,,
,VICRYL 5/0 round,,PCS,,,,,,,,,,,
,LAUNDRY & JANITORIAL SUPPLIES,,,,,,,,,,,,,
,DESCRIPTION,,UNIT,,,,,,,,,,,
,ABSORBENT CLOTH,,PCS,,,,,,,,,,,
,BASIN ALUMINUM,,PCS,,,,,,,,,,,
,BAYGON SPRAY ,,PCS,,,,,,,,,,,
,BRUSHING BOARD,,PCS,,,,,,,,,,,
,CHAMOIS CLOTH,,PCS,,,,,,,,,,,
,DENATURED ALCOHOL 450 c.c.,,BOT,,,,,,,,,,,
,Dipper,,PCS,,,,,,,,,,,
,DISHWASHING LIQUID,,GAL,,,,,,,,,,,
,DISPOSABLE KITCHEN GLOVES,,PACKS,,,,,,,,,,,
,DOORMAT,,PCS,,,,,,,,,,,
,DOWNY,,PCS,,,,,,,,,,,
,DUST PAN,,PCS,,,,,,,,,,,
,CONTAINER BIG ,,PCS,,,,,,,,,,,
,FLOOR MOP,,PCS,,,,,,,,,,,
,FLAT MOP,,PCS,,,,,,,,,,,
,FLY PAPER,,PCS,,,,,,,,,,,
,GARBAGE bag BLACK XXXL,,PCS,,,,,,,,,,,
,GARBAGE bag YELLOW XXXL,,PCS,,,,,,,,,,,
,GARBAGE bag  GREEN XXXL,,PCS,,,,,,,,,,,
,GARBAGE bag BLACK XL,,PCS,,,,,,,,,,,
,GARBAGE bag GREEN M,,PCS,,,,,,,,,,,
,PLASTIC bag  ( Sando bag ),,PCS,,,,,,,,,,,
,GLASS CLEANER,,PCS,,,,,,,,,,,
,ICE CANDY WRAPPER 2X10,,PACKS,,,,,,,,,,,
,ICE WRAPPER 4X12,,PACKS,,,,,,,,,,,
,IGNITER LIGHTER,,PCS,,,,,,,,,,,
,WHITE CLOTH THICK / KATCHA 100M,,ROLLS,,,,,,,,,,,
,LAUNDRY BRUSH,,PCS,,,,,,,,,,,
,LAUNDRY GLOVES small,,PCS,,,,,,,,,,,
,LAUNDRY GLOVES medium,,PCS,,,,,,,,,,,
,LAUNDRY GLOVES large,,PCS,,,,,,,,,,,
,LYSOL (Liquid Concentrate),,GAL,,,,,,,,,,,
,LYSOL ( SPRAY ),,CAN,,,,,,,,,,,
,MURIATIC ACID,,PCS,,,,,,,,,,,
,PAIL 12L,,PC,,,,,,,,,,,
,EVERCLEAN,,PCS,,,,,,,,,,,
,POT HOLDER,,PCS,,,,,,,,,,,
,Plastic Bag 20X30,,PCS,,,,,,,,,,,
,POT COVER HANDLE,,PCS,,,,,,,,,,,
,RUBBER BOOTS 10,,PCS,,,,,,,,,,,
,RUBBER BOOTS S9 ,,PC,,,,,,,,,,,
,RUG NON-SLIP,,PCS,,,,,,,,,,,
,SAFEGUARD,,PCS,,,,,,,,,,,
,SOFT BROOM,,PCS,,,,,,,,,,,
,SPIN MOP,,PCS,,,,,,,,,,,
,STICK BROOM,,PCS,,,,,,,,,,,
,STEEL WOOL,,PCS,,,,,,,,,,,
,STOOL,,PCS,,,,,,,,,,,
,"TIDE 555g,565g,1190g1320g,",,PCS,,,,,,,,,,,
,TIDE 74g,,PCS,,,,,,,,,,,
,TOILET BRUSH,,PCS,,,,,,,,,,,
,TOILET PUMP,,PCS,,,,,,,,,,,
,TRASH BIN ,,PCS,,,,,,,,,,,
,VEGETABLE PEELER,,PCS,,,,,,,,,,,
,ZONROX 1L,,PCS,,,,,,,,,,,
,GSO,,,,,,,,,,,,,
,MEDICAL EQUIPMENTS,,,,,,,,,,,,,
,DESCRIPTION,,UNIT,,,,,,,,,,,
,ALCOHOL DISPENSER,,UNITS,,,,,,,,,,,
,AUTOCLAVE MACHINE 50LTRS,,UNIT,,,,,,,,,,,
,AUTOMATIC SOAP DISPENSER,,PCS,,,,,,,,,,,
,BATHROOM WEIGHING SCALE,,UNITS,,,,,,,,,,,
,"BP APPARATUS, ANEROID ( PEDIA )",,UNITS,,,,,,,,,,,
,"BP APPARATUS, WRIST TYPE",,UNITS,,,,,,,,,,,
,CONVENTORS / CUSTOM STERILE,,PCS,,,,,,,,,,,
,CRANK3 BEDS,,PCS,,,,,,,,,,,
,DOUBLE HEAD STETHOSCOPE,,UNITS,,,,,,,,,,,
,FETAL DOPPLER,,UNITS,,,,,,,,,,,
,FIRE EXTINGUISER 10 LBS,,UNITS,,,,,,,,,,,
,FOOTS BOARD,,PCS,,,,,,,,,,,
,FOOTSTOOL,,PCS,,,,,,,,,,,
,HAND SANITIZER,,PC,,,,,,,,,,,
,HEAD BOARD,,PCS,,,,,,,,,,,
,IV STAND,,PCS,,,,,,,,,,,
,MANUAL RESUSCITATOR (ADULT),,UNITS,,,,,,,,,,,
,MANUAL RESUSCITATOR ( PEDIA ),,UNIT,,,,,,,,,,,
,MOBILITY ROLLATOR ( ROTARY ),,UNITS,,,,,,,,,,,
,NEBULIZER,,UNITS,,,,,,,,,,,
,NON CONTACT INFRARRED,,UNITS,,,,,,,,,,,
,OVER BED TABLE,,PCS,,,,,,,,,,,
,"OTOSCOPE, OPTHALMOSCOPE",,UNITS,,,,,,,,,,,
,PATIENT MONITOR,,UNIT,,,,,,,,,,,
,PENLIGHT,,PCS,,,,,,,,,,,
,PORTABLE STERILISER,,UNITS,,,,,,,,,,,
,PORTABLE SUCTION APPARATUS,,UNIT,,,,,,,,,,,
,PULSE OXIMETER,,UNIT,,,,,,,,,,,
,STETHOSCOPE ,,PCS,,,,,,,,,,,
,STRETCHER BED,,PCS,,,,,,,,,,,
,URATEX w/LEATHER,,PCS,,,,,,,,,,,
,WHEEL CHAIR HD,,PCS,,,,,,,,,,,
,AIRCON WINDOWTYPE ( GE ),,UNIT,,,,,,,,,,,
,GSO,,,,,,,,,,,,,
,"ICT, OFFICE SUPPLIES",,,,,,,,,,,,,
,CANNON G SERIES cyan,,PC,,,,,,,,,,,
,CANNON G SERIES magenta,,PC,,,,,,,,,,,
,CANNON G SERIES yellow,,PC,,,,,,,,,,,
,HP ink 704 BLK,,PCS,,,,,,,,,,,
,HP ink 704 COLORED,,PCS,,,,,,,,,,,
,CANNON INK 790 blk,,PCS,,,,,,,,,,,
,CANNON INK 810 blk,,PCS,,,,,,,,,,,
,CANNON INK 811 black,,PC,,,,,,,,,,,
,COMPUTER MOUSE,,PCS,,,,,,,,,,,
,CPU ( ASUS ),,UNIT,,,,,,,,,,,
,BROTHER INK BLACK,,BOTS,,,,,,,,,,,
,BROTHER INK CYAN,,BOTS,,,,,,,,,,,
,BROTHER INK YELLOW,,BOTS,,,,,,,,,,,
,BROTHER INK MAGENTA,,BOTS,,,,,,,,,,,
,EPSON INK 0003s blk,,BOTS,,,,,,,,,,,
,EPSON INK 0003s cyan,,PCS,,,,,,,,,,,
,EPSON INK 0003s yellow,,PCS,,,,,,,,,,,
,EPSON INK 0003s magenta,,PCS,,,,,,,,,,,
,EPSON INK 0005s blk,,PCS,,,,,,,,,,,
,EPSON INK 001 blk,,PC,,,,,,,,,,,
,EPSON INK 001 cyan,,PC,,,,,,,,,,,
,EPSON INK 001 yellow,,PC,,,,,,,,,,,
,EPSON INK 001 magenta,,PC,,,,,,,,,,,
,EPSON INK 664 blk,,PCS,,,,,,,,,,,
,EPSON INK 664 cyan,,PC,,,,,,,,,,,
,EPSON INK 664 yellow,,PCS,,,,,,,,,,,
,EPSON INK 664 magenta,,PCS,,,,,,,,,,,
,HP INK GT 52 magenta,,PCS,,,,,,,,,,,
,HP INK GT 52 yellow,,PCS,,,,,,,,,,,
,HP INK GT 52 cyan,,PCS,,,,,,,,,,,
,HP INK GT 53 black,,PCS,,,,,,,,,,,
,STAND FAN      (EURIKA),,UNITS,,,,,,,,,,,
,"TYPEWRITER, LONG BARREL",,UNIT,,,,,,,,,,,
,"TYPEWRITER, SHORT BARREL",,UNITS,,,,,,,,,,,
,STEEL CABINET w/ 4 DRAWERS,,UNITS,,,,,,,,,,,
,SWIVEL CHAIR EXECUTIVE ,,UNITS,,,,,,,,,,,
,SWIVEL CHAIR JUNIOR,,UNITS,,,,,,,,,,,
,OFFICE TABLE EXECUTIVE  214,,UNITS,,,,,,,,,,,
,OFFICE TABLE EXECUTIVE  SH0005140,,UNITS,,,,,,,,,,,
,OFFICE TABLE JUNIOR SH0005120,,UNITS,,,,,,,,,,,
,OFFICE TABLE JUNIOR SH0005100,,UNITS,,,,,,,,,,,
,PCSO,,,,,,,,,,,,,
,CARDIAC MONITOR w/pulse oxi,,UNITS,,,,,,,,,,,
,BP APP FUJIKAWA (pedia),,UNITS,,,,,,,,,,,
,GLUCOSEMETER,,UNITS,,,,,,,,,,,
,OXYGEN REGULATOR,,UNITS,,,,,,,,,,,
,DOH,,,,,,,,,,,,,
,MEDICAL SUPPLIES/EQUIPMENT,,,,,,,,,,,,,
,PATIENT MONITOR w/STAND,,UNITS,,,,,,,,,,,
,DOH ,,,,,,,,,,,,,
,APRON,,PCS,,,,,,,,,,,
,COVER ALL,,PCS,,,,,,,,,,,
,PERSONAL PROTECTIVE EQUIPMENT,,SET,,,,,,,,,,,
,LABORATORY GOWN,,PCS,,,,,,,,,,,
,N95,,PCS,,,,,,,,,,,
